{
  "bdkm_nf_results": {
    "silhouette": 0.16609065234661102,
    "ari": 0.3469980451688748,
    "nmi": 0.47163912673511776
  },
  "baseline_results": {
    "silhouette": 0.14247502386569977,
    "ari": 0.2062472019937422,
    "nmi": 0.30101345186540934
  },
  "uncertainty_stats": {
    "mean": 0.02051525004208088,
    "std": 0.005716975778341293,
    "min": 0.00618956470862031,
    "max": 0.046945877373218536
  }
}