Model,Silhouette,ARI,NMI
BDKM-NF,0.16609065234661102,0.3469980451688748,0.47163912673511776
Baseline,0.14247502386569977,0.2062472019937422,0.30101345186540934
